Trade #,Type,Entry Date,Entry Price (USDT),Quantity (ETH),Capital Before (USDT),Entry Fee (USDT),Exit Date,Exit Price (USDT),Exit Fee (USDT),Capital After (USDT),Net PnL (USDT),Return (%),Duration,Exit Reason
1,LONG,2023-01-01 19:00:00,1201.78,8.3127,10000.0,10.0,2023-01-18 20:00:00,1521.38,12.65,12634.08,2634.08,26.34,17 days 01:00:00,EMA Bearish Cross
2,LONG,2023-01-26 06:00:00,1613.23,7.8237,12634.08,12.63,2023-01-27 03:00:00,1565.73,12.25,12237.57,-396.51,-3.14,0 days 21:00:00,EMA Bearish Cross
3,LONG,2023-01-29 09:00:00,1600.99,7.6361,12237.57,12.24,2023-01-30 16:00:00,1583.11,12.09,12076.71,-160.86,-1.31,1 days 07:00:00,EMA Bearish Cross
4,LONG,2023-02-07 18:00:00,1638.78,7.362,12076.71,12.08,2023-02-09 03:00:00,1619.05,11.92,11907.46,-169.25,-1.4,1 days 09:00:00,EMA Bearish Cross
5,LONG,2023-02-14 16:00:00,1539.7,7.7259,11907.46,11.91,2023-02-20 03:00:00,1684.38,13.01,13000.33,1092.87,9.18,5 days 11:00:00,EMA Bearish Cross
6,LONG,2023-03-21 15:00:00,1812.55,7.1652,13000.33,13.0,2023-03-22 21:00:00,1719.46,12.32,12307.99,-692.34,-5.33,1 days 06:00:00,EMA Bearish Cross
7,LONG,2023-03-26 14:00:00,1763.63,6.9718,12307.99,12.31,2023-03-27 14:00:00,1719.75,11.99,11977.77,-330.22,-2.68,1 days 00:00:00,EMA Bearish Cross
8,LONG,2023-05-10 17:00:00,1830.41,6.5372,11977.77,11.98,2023-05-10 18:00:00,1834.89,12.0,11983.09,5.32,0.04,0 days 01:00:00,EMA Bearish Cross
9,LONG,2023-05-20 09:00:00,1813.2,6.6022,11983.09,11.98,2023-05-21 16:00:00,1807.2,11.93,11919.56,-63.53,-0.53,1 days 07:00:00,EMA Bearish Cross
10,LONG,2023-06-30 05:00:00,1882.09,6.3268,11919.56,11.92,2023-07-05 04:00:00,1936.89,12.25,12242.1,322.54,2.71,4 days 23:00:00,EMA Bearish Cross
11,LONG,2023-07-13 14:00:00,1882.32,6.4972,12242.1,12.24,2023-07-15 11:00:00,1939.82,12.6,12590.84,348.74,2.85,1 days 21:00:00,EMA Bearish Cross
12,LONG,2023-07-28 14:00:00,1878.7,6.6952,12590.84,12.59,2023-07-30 22:00:00,1855.84,12.43,12412.77,-178.07,-1.41,2 days 08:00:00,EMA Bearish Cross
13,LONG,2023-08-08 13:00:00,1835.57,6.7556,12412.77,12.41,2023-08-11 05:00:00,1850.14,12.5,12486.29,73.52,0.59,2 days 16:00:00,EMA Bearish Cross
14,LONG,2023-08-13 01:00:00,1851.3,6.7379,12486.29,12.49,2023-08-13 07:00:00,1850.0,12.47,12452.58,-33.71,-0.27,0 days 06:00:00,EMA Bearish Cross
15,LONG,2023-08-13 08:00:00,1850.82,6.7214,12452.58,12.45,2023-08-13 17:00:00,1850.11,12.44,12422.92,-29.66,-0.24,0 days 09:00:00,EMA Bearish Cross
16,LONG,2023-08-27 17:00:00,1651.66,7.514,12422.92,12.42,2023-08-28 06:00:00,1643.0,12.35,12333.08,-89.84,-0.72,0 days 13:00:00,EMA Bearish Cross
17,LONG,2023-09-07 02:00:00,1633.8,7.5412,12333.08,12.33,2023-09-07 14:00:00,1632.22,12.31,12296.52,-36.56,-0.3,0 days 12:00:00,EMA Bearish Cross
18,LONG,2023-09-13 12:00:00,1601.1,7.6724,12296.52,12.3,2023-09-17 18:00:00,1624.93,12.47,12454.59,158.07,1.29,4 days 06:00:00,EMA Bearish Cross
19,LONG,2023-09-26 06:00:00,1588.76,7.8314,12454.59,12.45,2023-09-26 19:00:00,1589.42,12.45,12434.86,-19.73,-0.16,0 days 13:00:00,EMA Bearish Cross
20,LONG,2023-10-20 04:00:00,1582.92,7.8478,12434.86,12.43,2023-10-27 15:00:00,1782.8,13.99,13977.05,1542.19,12.4,7 days 11:00:00,EMA Bearish Cross
21,LONG,2023-10-29 14:00:00,1795.13,7.7783,13977.05,13.98,2023-11-01 17:00:00,1807.52,14.06,14045.39,68.34,0.49,3 days 03:00:00,EMA Bearish Cross
22,LONG,2023-11-01 18:00:00,1820.2,7.7087,14045.39,14.05,2023-11-02 22:00:00,1795.92,13.84,13830.33,-215.06,-1.53,1 days 04:00:00,EMA Bearish Cross
23,LONG,2023-11-07 20:00:00,1901.13,7.2675,13830.33,13.83,2023-11-13 07:00:00,2048.15,14.88,14870.09,1039.76,7.52,5 days 11:00:00,EMA Bearish Cross
24,LONG,2024-01-16 13:00:00,2525.81,5.8814,14870.09,14.87,2024-01-16 14:00:00,2534.31,14.91,14890.3,20.21,0.14,0 days 01:00:00,EMA Bearish Cross
25,LONG,2024-01-26 17:00:00,2268.97,6.556,14890.3,14.89,2024-01-29 09:00:00,2273.76,14.91,14891.91,1.61,0.01,2 days 16:00:00,EMA Bearish Cross
26,LONG,2024-01-29 10:00:00,2275.58,6.5377,14891.91,14.89,2024-01-29 13:00:00,2244.42,14.67,14658.63,-233.28,-1.57,0 days 03:00:00,EMA Bearish Cross
27,LONG,2024-01-29 17:00:00,2302.59,6.3598,14658.63,14.66,2024-02-01 00:00:00,2283.59,14.52,14508.61,-150.02,-1.02,2 days 07:00:00,EMA Bearish Cross
28,LONG,2024-02-02 07:00:00,2313.73,6.2644,14508.61,14.51,2024-02-03 23:00:00,2296.49,14.39,14371.72,-136.89,-0.94,1 days 16:00:00,EMA Bearish Cross
29,LONG,2024-02-05 10:00:00,2322.85,6.1809,14371.72,14.37,2024-02-12 12:00:00,2489.12,15.39,15369.66,997.94,6.94,7 days 02:00:00,EMA Bearish Cross
30,LONG,2024-02-12 15:00:00,2557.87,6.0028,15369.66,15.37,2024-02-17 14:00:00,2739.99,16.45,16431.07,1061.41,6.91,4 days 23:00:00,EMA Bearish Cross
31,LONG,2024-02-18 06:00:00,2787.57,5.8885,16431.07,16.43,2024-02-21 21:00:00,2927.99,17.24,17224.26,793.19,4.83,3 days 15:00:00,EMA Bearish Cross
32,LONG,2024-03-11 09:00:00,4037.01,4.2623,17224.26,17.22,2024-03-14 03:00:00,3993.77,17.02,17005.71,-218.55,-1.27,2 days 18:00:00,EMA Bearish Cross
33,LONG,2024-03-31 06:00:00,3615.99,4.6982,17005.71,17.01,2024-04-01 14:00:00,3508.49,16.48,16467.16,-538.55,-3.17,1 days 08:00:00,EMA Bearish Cross
34,LONG,2024-04-04 18:00:00,3379.77,4.8674,16467.16,16.47,2024-04-04 23:00:00,3327.4,16.2,16179.59,-287.57,-1.75,0 days 05:00:00,EMA Bearish Cross
35,LONG,2024-04-11 06:00:00,3575.21,4.521,16179.59,16.18,2024-04-11 17:00:00,3511.93,15.88,15861.45,-318.14,-1.97,0 days 11:00:00,EMA Bearish Cross
36,LONG,2024-05-03 13:00:00,3061.05,5.1765,15861.45,15.86,2024-05-06 19:00:00,3069.84,15.89,15875.2,13.75,0.09,3 days 06:00:00,EMA Bearish Cross
37,LONG,2024-06-01 09:00:00,3793.14,4.1811,15875.2,15.88,2024-06-02 21:00:00,3783.09,15.82,15801.49,-73.71,-0.46,1 days 12:00:00,EMA Bearish Cross
38,LONG,2024-06-30 20:00:00,3420.7,4.6148,15801.49,15.8,2024-07-02 17:00:00,3424.54,15.8,15787.6,-13.89,-0.09,1 days 21:00:00,EMA Bearish Cross
39,LONG,2024-07-19 16:00:00,3490.94,4.5179,15787.6,15.79,2024-07-22 15:00:00,3457.15,15.62,15603.54,-184.06,-1.17,2 days 23:00:00,EMA Bearish Cross
40,LONG,2024-07-27 12:00:00,3287.87,4.741,15603.54,15.6,2024-07-28 02:00:00,3251.99,15.42,15402.41,-201.13,-1.29,0 days 14:00:00,EMA Bearish Cross
41,LONG,2024-07-31 13:00:00,3331.6,4.6185,15402.41,15.4,2024-07-31 20:00:00,3222.45,14.88,14868.01,-534.4,-3.47,0 days 07:00:00,EMA Bearish Cross
42,LONG,2024-08-12 15:00:00,2689.2,5.5233,14868.01,14.87,2024-08-15 02:00:00,2648.64,14.63,14614.49,-253.52,-1.71,2 days 11:00:00,EMA Bearish Cross
43,LONG,2024-08-18 03:00:00,2606.6,5.6011,14614.49,14.61,2024-08-18 04:00:00,2603.07,14.58,14565.52,-48.97,-0.34,0 days 01:00:00,EMA Bearish Cross
44,LONG,2024-08-18 10:00:00,2644.3,5.5028,14565.52,14.57,2024-08-19 11:00:00,2587.9,14.24,14226.36,-339.16,-2.33,1 days 01:00:00,EMA Bearish Cross
45,LONG,2024-09-09 08:00:00,2326.41,6.109,14226.36,14.23,2024-09-11 14:00:00,2309.73,14.11,14096.13,-130.23,-0.92,2 days 06:00:00,EMA Bearish Cross
46,LONG,2024-09-26 16:00:00,2650.45,5.3131,14096.13,14.1,2024-09-29 09:00:00,2647.33,14.07,14051.39,-44.74,-0.32,2 days 17:00:00,EMA Bearish Cross
47,LONG,2024-10-27 23:00:00,2507.8,5.5975,14051.39,14.05,2024-10-31 16:00:00,2552.89,14.29,14275.44,224.05,1.59,3 days 17:00:00,EMA Bearish Cross
48,LONG,2024-11-06 03:00:00,2579.31,5.5291,14275.44,14.28,2024-11-13 07:00:00,3160.89,17.48,17459.28,3183.84,22.3,7 days 04:00:00,EMA Bearish Cross
49,LONG,2024-11-18 18:00:00,3164.18,5.5123,17459.28,17.46,2024-11-19 15:00:00,3104.36,17.11,17094.96,-364.32,-2.09,0 days 21:00:00,EMA Bearish Cross
50,LONG,2024-11-21 11:00:00,3147.75,5.4254,17094.96,17.09,2024-11-24 20:00:00,3341.59,18.13,18111.4,1016.44,5.95,3 days 09:00:00,EMA Bearish Cross
51,LONG,2024-12-30 03:00:00,3403.76,5.3157,18111.4,18.11,2024-12-30 16:00:00,3339.89,17.75,17736.02,-375.38,-2.07,0 days 13:00:00,EMA Bearish Cross
52,LONG,2024-12-30 21:00:00,3319.26,5.338,17736.02,17.74,2024-12-30 22:00:00,3358.93,17.93,17912.12,176.1,0.99,0 days 01:00:00,EMA Bearish Cross
53,LONG,2025-01-25 17:00:00,3344.17,5.3509,17912.12,17.91,2025-01-26 15:00:00,3315.31,17.74,17722.04,-190.08,-1.06,0 days 22:00:00,EMA Bearish Cross
54,LONG,2025-03-17 19:00:00,1942.23,9.1155,17722.04,17.72,2025-03-18 10:00:00,1895.36,17.28,17259.8,-462.24,-2.61,0 days 15:00:00,EMA Bearish Cross
55,LONG,2025-04-01 08:00:00,1884.33,9.1505,17259.8,17.26,2025-04-03 00:00:00,1820.46,16.66,16641.44,-618.36,-3.58,1 days 16:00:00,EMA Bearish Cross
56,LONG,2025-04-19 04:00:00,1603.47,10.368,16641.44,16.64,2025-04-20 12:00:00,1576.12,16.34,16324.89,-316.55,-1.9,1 days 08:00:00,EMA Bearish Cross
57,LONG,2025-04-29 07:00:00,1821.71,8.9523,16324.89,16.32,2025-04-30 13:00:00,1740.85,15.58,15569.09,-755.8,-4.63,1 days 06:00:00,EMA Bearish Cross
58,LONG,2025-05-13 12:00:00,2524.69,6.1606,15569.09,15.57,2025-05-15 11:00:00,2554.71,15.74,15722.73,153.64,0.99,1 days 23:00:00,EMA Bearish Cross
59,LONG,2025-05-18 17:00:00,2489.92,6.3082,15722.73,15.72,2025-05-18 19:00:00,2408.2,15.19,15176.3,-546.43,-3.48,0 days 02:00:00,EMA Bearish Cross
60,LONG,2025-05-20 00:00:00,2515.33,6.0275,15176.3,15.18,2025-05-23 20:00:00,2543.23,15.33,15313.97,137.67,0.91,3 days 20:00:00,EMA Bearish Cross
61,LONG,2025-06-09 13:00:00,2517.36,6.0773,15313.97,15.31,2025-06-12 21:00:00,2633.6,16.01,15989.07,675.1,4.41,3 days 08:00:00,EMA Bearish Cross
62,LONG,2025-06-28 18:00:00,2437.02,6.5543,15989.07,15.99,2025-07-01 14:00:00,2419.94,15.86,15845.27,-143.8,-0.9,2 days 20:00:00,EMA Bearish Cross
63,LONG,2025-07-06 15:00:00,2558.72,6.1865,15845.27,15.85,2025-07-08 03:00:00,2538.34,15.7,15687.64,-157.63,-0.99,1 days 12:00:00,EMA Bearish Cross
64,LONG,2025-07-08 06:00:00,2559.07,6.1241,15687.64,15.69,2025-07-15 11:00:00,2981.11,18.26,18238.3,2550.66,16.26,7 days 05:00:00,EMA Bearish Cross
65,LONG,2025-07-15 14:00:00,2977.93,6.1184,18238.3,18.24,2025-07-22 13:00:00,3647.93,22.32,22297.05,4058.75,22.25,6 days 23:00:00,EMA Bearish Cross
66,LONG,2025-07-25 10:00:00,3718.89,5.9896,22297.05,22.3,2025-07-25 18:00:00,3650.25,21.86,21841.76,-455.29,-2.04,0 days 08:00:00,EMA Bearish Cross
67,LONG,2025-08-06 06:00:00,3632.23,6.0073,21841.76,21.84,2025-08-15 01:00:00,4604.02,27.66,27630.1,5788.34,26.5,8 days 19:00:00,EMA Bearish Cross
68,LONG,2025-08-22 07:00:00,4328.14,6.3774,27630.1,27.63,2025-08-25 10:00:00,4544.21,28.98,28951.47,1321.37,4.78,3 days 03:00:00,EMA Bearish Cross
69,LONG,2025-09-01 08:00:00,4476.25,6.4613,28951.47,28.95,2025-09-01 12:00:00,4403.2,28.45,28422.06,-529.41,-1.83,0 days 04:00:00,EMA Bearish Cross
70,LONG,2025-09-08 13:00:00,4320.12,6.5724,28422.06,28.42,2025-09-09 20:00:00,4304.88,28.29,28265.19,-156.87,-0.55,1 days 07:00:00,EMA Bearish Cross
71,LONG,2025-09-10 09:00:00,4325.08,6.5286,28265.19,28.27,2025-09-15 03:00:00,4636.2,30.27,30237.84,1972.65,6.98,4 days 18:00:00,EMA Bearish Cross
72,LONG,2025-09-15 04:00:00,4642.71,6.5065,30237.84,30.24,2025-09-15 09:00:00,4526.22,29.45,29420.22,-817.62,-2.7,0 days 05:00:00,EMA Bearish Cross
73,LONG,2025-09-28 17:00:00,4040.23,7.2745,29420.22,29.42,2025-10-07 20:00:00,4509.3,32.8,32770.26,3350.04,11.39,9 days 03:00:00,EMA Bearish Cross
74,LONG,2025-10-19 10:00:00,3930.92,8.3282,32770.26,32.77,2025-10-21 06:00:00,3887.23,32.37,32341.26,-429.0,-1.31,1 days 20:00:00,EMA Bearish Cross
75,LONG,2025-10-24 05:00:00,3974.2,8.1297,32341.26,32.34,2025-10-28 21:00:00,3982.54,32.38,32344.34,3.08,0.01,4 days 16:00:00,EMA Bearish Cross
76,LONG,2025-11-01 17:00:00,3865.96,8.3581,32344.34,32.34,2025-11-01 18:00:00,3880.26,32.43,32399.09,54.75,0.17,0 days 01:00:00,EMA Bearish Cross
77,LONG,2025-11-13 13:00:00,3438.18,9.4139,32399.09,32.4,2025-11-13 14:00:00,3443.62,32.42,32385.48,-13.61,-0.04,0 days 01:00:00,EMA Bearish Cross
78,LONG,2025-11-23 13:00:00,2843.65,11.3773,32385.48,32.39,2025-11-29 14:00:00,2988.28,34.0,33964.6,1579.12,4.88,6 days 01:00:00,EMA Bearish Cross
79,LONG,2025-11-30 15:00:00,3028.69,11.2031,33964.6,33.96,2025-12-01 01:00:00,2850.86,31.94,31906.45,-2058.15,-6.06,0 days 10:00:00,EMA Bearish Cross
80,LONG,2025-12-26 07:00:00,2956.83,10.78,31906.45,31.91,2025-12-26 17:00:00,2922.49,31.5,31472.86,-433.59,-1.36,0 days 10:00:00,EMA Bearish Cross
81,LONG,2025-12-30 10:00:00,2977.19,10.5608,31472.86,31.47,,,,,,,,
